"knapPI_12_50_1000_2.in";0.0176073;0.0130156;0.00772159;0.00617849;284.977;210.659;124.975;100;
"knapPI_12_20_1000_49.in";0.0194882;0.0186265;0.0198394;0.0183688;106.094;101.403;108.006;100;
"knapPI_16_20_1000_42.in";0.00898908;0.00896971;0.00842431;0.00845631;106.704;106.474;100;100.38;
"knapPI_12_20_1000_19.in";0.00299754;0.00274221;0.00274284;0.00282366;109.311;100;100.023;102.97;
"knapPI_14_50_1000_10.in";0.0122186;0.0103991;0.0108162;0.0112142;117.496;100;104.011;107.838;
"knapPI_15_20_1000_49.in";0.011355;0.00987667;0.00990465;0.0092962;122.146;106.244;106.545;100;
"knapPI_11_20_1000_46.in";0.0186002;0.0172575;0.0173659;0.0164832;112.843;104.697;105.355;100;
"knapPI_11_20_1000_18.in";0.00729982;0.00592446;0.00590947;0.00581911;125.446;101.81;101.553;100;
"knapPI_12_20_1000_85.in";0.03406;0.033322;0.0366285;0.0298592;114.069;111.597;122.671;100;
"knapPI_12_20_1000_69.in";0.0173777;0.0171006;0.0146083;0.0138218;125.727;123.722;105.69;100;
"knapPI_12_50_1000_22.in";0.0381072;0.0363597;0.0360305;0.0371965;105.764;100.914;100;103.236;
"knapPI_16_200_1000_2.in";0.0364957;0.0334016;0.0335603;0.0344485;109.263;100;100.475;103.134;
"knapPI_14_100_1000_18.in";0.09306;0.0832131;0.0893648;0.0835033;111.833;100;107.393;100.349;
"knapPI_16_20_1000_5.in";0.00123845;0.00119352;0.00128873;0.00133533;103.764;100;107.977;111.881;
"knapPI_14_100_1000_12.in";0.0619592;0.056497;0.0626584;0.0603734;109.668;100;110.906;106.861;
"knapPI_15_50_1000_45.in";0.0575731;0.0553937;0.0527635;0.0534601;109.116;104.985;100;101.32;
"knapPI_14_20_1000_35.in";0.00770688;0.0057642;0.00547662;0.00545526;141.274;105.663;100.391;100;
"knapPI_14_20_1000_73.in";0.0161175;0.0133703;0.0132098;0.0132605;122.012;101.215;100;100.384;
"knapPI_16_20_1000_44.in";0.0119025;0.00936158;0.010155;0.0102642;127.143;100;108.475;109.642;
"knapPI_13_20_1000_7.in";0.00237981;0.00165734;0.00161206;0.0015793;150.688;104.942;102.075;100;
"knapPI_15_20_1000_18.in";0.00377031;0.00356079;0.00329299;0.00330931;114.495;108.132;100;100.496;
"knapPI_11_20_1000_51.in";0.0201217;0.0174157;0.0194904;0.01705;118.016;102.145;114.313;100;
"knapPI_14_20_1000_86.in";0.0236477;0.0233112;0.0237305;0.0212331;111.372;109.787;111.762;100;
"knapPI_15_20_1000_96.in";0.022778;0.0205583;0.0208775;0.0209558;110.797;100;101.553;101.934;
"knapPI_15_50_1000_73.in";0.10623;0.0967725;0.0970211;0.0987593;109.773;100;100.257;102.053;
"knapPI_13_50_1000_47.in";0.0734585;0.0642627;0.0642126;0.0598604;122.716;107.354;107.271;100;
"knapPI_11_50_1000_38.in";0.07219;0.0696789;0.0729958;0.0674206;107.074;103.35;108.269;100;
"knapPI_11_20_1000_80.in";0.0208739;0.0177426;0.0197677;0.0223338;117.649;100;111.414;125.877;
"knapPI_15_20_1000_93.in";0.024096;0.0216405;0.0209333;0.0210353;115.109;103.379;100;100.488;
"knapPI_15_50_1000_47.in";0.0649205;0.0578598;0.0571256;0.0567278;114.442;101.996;100.701;100;
"knapPI_14_50_1000_44.in";0.0583033;0.0537039;0.0537481;0.0535138;108.95;100.355;100.438;100;
"knapPI_11_20_1000_41.in";0.00853798;0.00772437;0.00839278;0.00777407;110.533;100;108.653;100.643;
"knapPI_13_20_1000_13.in";0.0033899;0.0032201;0.00322997;0.00314173;107.899;102.494;102.809;100;
"knapPI_13_20_1000_97.in";0.0250305;0.0203788;0.0200744;0.0208718;124.688;101.516;100;103.972;
"knapPI_11_100_1000_7.in";0.0477751;0.0434848;0.0409198;0.0445882;116.753;106.268;100;108.965;
"knapPI_13_50_1000_21.in";0.0334512;0.0339162;0.0321262;0.0333334;104.124;105.572;100;103.758;
"knapPI_14_20_1000_38.in";0.00580686;0.00560965;0.00544558;0.00548386;106.635;103.013;100;100.703;
"knapPI_16_20_1000_84.in";0.0183151;0.0160127;0.0156979;0.0136133;134.538;117.625;115.313;100;
"knapPI_13_50_1000_28.in";0.0600741;0.061365;0.0554628;0.0554004;108.436;110.766;100.112;100;
"knapPI_13_50_1000_46.in";0.0908589;0.0851585;0.0854479;0.0859581;106.694;100;100.34;100.939;
"knapPI_11_20_1000_60.in";0.0167021;0.016084;0.0145294;0.0174267;114.953;110.7;100;119.941;
"knapPI_11_50_1000_20.in";0.0670188;0.0584389;0.0604878;0.0592878;114.682;100;103.506;101.453;
"knapPI_15_20_1000_66.in";0.0178289;0.0196874;0.0198548;0.0192822;100;110.424;111.363;108.152;
"knapPI_16_20_1000_74.in";0.0196965;0.0169885;0.0170306;0.0162229;121.411;104.719;104.979;100;
"knapPI_11_20_1000_49.in";0.0269311;0.0221728;0.0231163;0.0212524;126.72;104.331;108.77;100;
"knapPI_15_20_1000_20.in";0.00485455;0.00355784;0.00484111;0.00374956;136.447;100;136.069;105.389;
"knapPI_12_50_1000_31.in";0.018386;0.0158149;0.0218641;0.0167283;116.257;100;138.249;105.775;
"knapPI_11_50_1000_37.in";0.0439066;0.0472165;0.0407217;0.0423921;107.821;115.949;100;104.102;
"knapPI_11_20_1000_61.in";0.0242593;0.0292234;0.030571;0.0285589;100;120.463;126.018;117.723;
"knapPI_14_50_1000_14.in";0.0176463;0.0167286;0.0164649;0.0165015;107.175;101.602;100;100.222;
"knapPI_12_50_1000_7.in";0.00944515;0.00907563;0.00913808;0.00976398;104.072;100;100.688;107.585;
"knapPI_14_20_1000_56.in";0.0124112;0.0108467;0.0109851;0.0106019;117.065;102.308;103.614;100;
"knapPI_13_100_1000_29.in";0.0306746;0.035578;0.0356575;0.0316236;100;115.985;116.245;103.094;
"knapPI_13_50_1000_64.in";0.0850337;0.0790085;0.0769504;0.0909749;110.505;102.675;100;118.225;
"knapPI_13_50_1000_31.in";0.0322776;0.0303892;0.0344422;0.0302665;106.645;100.406;113.797;100;
"knapPI_16_50_1000_79.in";0.105047;0.0989543;0.0986043;0.10669;106.534;100.355;100;108.2;
"f2_l-d_kp_20_878.in";0.00292314;0.00314761;0.0026548;0.00212562;137.519;148.08;124.895;100;
"knapPI_14_50_1000_4.in";0.00588084;0.00334677;0.00322858;0.00445986;182.15;103.661;100;138.137;
"knapPI_14_20_1000_62.in";0.0134906;0.0136404;0.0118956;0.0116657;115.643;116.928;101.971;100;
"knapPI_15_20_1000_15.in";0.00315055;0.00303232;0.0032112;0.00323373;103.899;100;105.899;106.642;
"knapPI_12_20_1000_94.in";0.0208566;0.0193968;0.0195026;0.0193133;107.991;100.432;100.98;100;
"knapPI_15_20_1000_8.in";0.00148596;0.00149691;0.00154813;0.00145946;101.816;102.566;106.076;100;
"knapPI_11_50_1000_19.in";0.0224955;0.0203885;0.0195521;0.0199776;115.054;104.278;100;102.176;
"knapPI_12_100_1000_11.in";0.079615;0.0741718;0.0739656;0.0746128;107.638;100.279;100;100.875;
"knapPI_13_50_1000_43.in";0.0676783;0.0632497;0.0628794;0.063365;107.632;100.589;100;100.772;
"knapPI_11_100_1000_13.in";0.12376;0.115013;0.115956;0.115917;107.605;100;100.819;100.786;
"knapPI_12_20_1000_65.in";0.0279833;0.0227235;0.0220918;0.022551;126.668;102.859;100;102.079;
"knapPI_16_20_1000_12.in";0.00189217;0.00144949;0.00149241;0.00142951;132.365;101.398;104.401;100;
"knapPI_16_20_1000_58.in";0.0153938;0.0146924;0.0145352;0.0140586;109.497;104.508;103.39;100;
"knapPI_13_20_1000_55.in";0.0186192;0.0152045;0.0150589;0.0163771;123.642;100.967;100;108.754;
"knapPI_15_50_1000_13.in";0.0190036;0.0193878;0.0190891;0.0202056;100;102.022;100.45;106.325;
"knapPI_13_20_1000_93.in";0.0244398;0.0223373;0.0214946;0.0206141;118.559;108.36;104.272;100;
"knapPI_14_20_1000_59.in";0.0123072;0.0110471;0.0124477;0.0127489;111.407;100;112.679;115.405;
"knapPI_16_50_1000_63.in";0.0790781;0.076203;0.0742527;0.0740593;106.777;102.895;100.261;100;
"knapPI_2_100_1000_1.in";0.00794739;0.00819504;0.00797443;0.00791346;100.429;103.558;100.77;100;
"knapPI_16_20_1000_69.in";0.0141043;0.0121009;0.0122677;0.0125498;116.556;100;101.378;103.709;
"knapPI_11_20_1000_81.in";0.0209644;0.0197924;0.0193945;0.0206159;108.095;102.052;100;106.297;
"knapPI_16_20_1000_80.in";0.0133639;0.012577;0.0123035;0.0124721;108.619;102.222;100;101.37;
"knapPI_14_50_1000_53.in";0.0672194;0.0631628;0.0615808;0.0651228;109.156;102.569;100;105.752;
"knapPI_12_50_1000_34.in";0.0446838;0.0412833;0.0414627;0.0409321;109.166;100.858;101.296;100;
"knapPI_11_200_1000_2.in";0.0243574;0.0199006;0.0210045;0.0193457;125.906;102.868;108.575;100;
"knapPI_16_20_1000_20.in";0.00331029;0.00289614;0.00320635;0.0029568;114.3;100;110.711;102.095;
"knapPI_12_20_1000_76.in";0.0164349;0.0165805;0.0150721;0.0159535;109.042;110.008;100;105.847;
"knapPI_15_20_1000_36.in";0.0065411;0.00607449;0.0059471;0.00588787;111.095;103.17;101.006;100;
"knapPI_13_20_1000_74.in";0.0101686;0.00861146;0.00839532;0.00855793;121.122;102.575;100;101.937;
"knapPI_13_20_1000_61.in";0.0298717;0.0271259;0.0271815;0.0277766;110.122;100;100.205;102.399;
"knapPI_13_20_1000_77.in";0.00949318;0.00942629;0.00886321;0.00913804;107.108;106.353;100;103.101;
"knapPI_11_100_1000_6.in";0.0367454;0.0337159;0.0321531;0.030951;118.721;108.933;103.884;100;
"knapPI_16_50_1000_13.in";0.020064;0.0170225;0.0198122;0.0164875;121.692;103.245;120.165;100;
"knapPI_16_50_1000_9.in";0.00987541;0.00842697;0.00838397;0.00841035;117.789;100.513;100;100.315;
"knapPI_16_50_1000_53.in";0.0670092;0.0627859;0.0621921;0.0622403;107.746;100.955;100;100.078;
"knapPI_11_20_1000_21.in";0.00529965;0.00466217;0.0050173;0.00487181;113.673;100;107.617;104.497;
"knapPI_15_50_1000_42.in";0.0560748;0.0553968;0.0538968;0.0538607;104.111;102.852;100.067;100;
"knapPI_15_20_1000_45.in";0.0105331;0.0105041;0.0114266;0.01298;100.276;100;108.782;123.57;
"knapPI_14_50_1000_71.in";0.0878361;0.0805809;0.0776905;0.0811996;113.059;103.72;100;104.517;
"knapPI_12_20_1000_24.in";0.000610204;0.000578274;0.000616263;0.000614416;105.522;100;106.569;106.25;
"knapPI_12_50_1000_63.in";0.0386326;0.0372998;0.0344686;0.0367816;112.081;108.214;100;106.711;
"knapPI_12_20_1000_5.in";0.00171286;0.00118859;0.00113641;0.00125974;150.725;104.591;100;110.852;
"knapPI_11_20_1000_32.in";0.00387659;0.00370471;0.00387394;0.00417744;104.64;100;104.568;112.76;
"knapPI_13_20_1000_81.in";0.0231912;0.0257355;0.0226737;0.0229332;102.283;113.504;100;101.145;
"knapPI_16_50_1000_71.in";0.084135;0.0784297;0.0781249;0.0776314;108.377;101.028;100.636;100;
"knapPI_14_50_1000_31.in";0.0406272;0.0384606;0.0372226;0.038188;109.147;103.326;100;102.594;
"knapPI_15_50_1000_49.in";0.055098;0.0511774;0.0524643;0.0513598;107.661;100;102.515;100.356;
"knapPI_16_20_1000_3.in";0.00140008;0.00141821;0.00108576;0.0011169;128.95;130.619;100;102.868;
"knapPI_16_100_1000_3.in";0.0122714;0.0130428;0.0126058;0.0110005;111.553;118.566;114.593;100;
"knapPI_14_200_1000_2.in";0.041491;0.0329354;0.0345011;0.0363429;125.977;100;104.754;110.346;
"knapPI_14_50_1000_34.in";0.0503168;0.0394314;0.0399932;0.0389989;129.021;101.109;102.55;100;
"knapPI_15_20_1000_64.in";0.0153596;0.0179829;0.0153872;0.0153903;100;117.079;100.18;100.2;
"knapPI_13_100_1000_2.in";0.0189856;0.0189984;0.0196696;0.0179972;105.492;105.563;109.293;100;
"knapPI_14_50_1000_63.in";0.0844941;0.0750629;0.07181;0.0712719;118.552;105.319;100.755;100;
"knapPI_14_20_1000_44.in";0.0090966;0.0091479;0.00888194;0.00890157;102.417;102.994;100;100.221;
"knapPI_11_50_1000_79.in";0.089549;0.0883105;0.0835203;0.0830587;107.814;106.323;100.556;100;
"knapPI_13_20_1000_53.in";0.0109505;0.0096819;0.00958986;0.0101111;114.188;100.96;100;105.435;
"knapPI_11_20_1000_16.in";0.0057662;0.00466984;0.00501329;0.00538301;123.477;100;107.355;115.272;
"knapPI_13_20_1000_24.in";0.00295048;0.00177263;0.00166773;0.00159727;184.72;110.979;104.411;100;
"knapPI_16_50_1000_42.in";0.054;0.0498569;0.0514388;0.0505788;108.31;100;103.173;101.448;
"knapPI_11_20_1000_17.in";0.00458027;0.00428362;0.00425618;0.00432441;107.615;100.645;100;101.603;
"knapPI_16_100_1000_18.in";0.0947644;0.0881885;0.0847451;0.0902795;111.823;104.063;100;106.531;
"knapPI_15_20_1000_84.in";0.0159782;0.0153665;0.01548;0.0152326;104.895;100.879;101.624;100;
"knapPI_11_20_1000_69.in";0.0189326;0.0171232;0.0169803;0.0169254;111.859;101.169;100.324;100;
"knapPI_12_20_1000_25.in";0.00525228;0.00462746;0.00479232;0.004739;113.502;100;103.563;102.41;
"knapPI_13_20_1000_40.in";0.00442071;0.00447919;0.00433396;0.00417478;105.891;107.292;103.813;100;
"knapPI_11_100_1000_30.in";0.0987984;0.0913412;0.0882289;0.0888053;111.98;103.528;100;100.653;
"knapPI_11_100_1000_19.in";0.0870381;0.0823518;0.0864716;0.0824413;105.691;100;105.003;100.109;
"knapPI_15_50_1000_17.in";0.0242696;0.022808;0.0234954;0.022892;106.408;100;103.014;100.368;
"knapPI_16_50_1000_44.in";0.062466;0.0550371;0.0543492;0.0545284;114.935;101.266;100;100.33;
"knapPI_14_50_1000_19.in";0.0228628;0.0211642;0.0215355;0.0215514;108.026;100;101.754;101.83;
"knapPI_16_20_1000_82.in";0.0337395;0.029476;0.0288176;0.0291176;117.079;102.284;100;101.041;
"knapPI_12_20_1000_14.in";0.00562786;0.00570683;0.00555609;0.00539284;104.358;105.822;103.027;100;
"knapPI_11_20_1000_12.in";0.00284106;0.00292519;0.00394632;0.00310773;100;102.961;138.903;109.386;
"knapPI_12_50_1000_25.in";0.0368459;0.0330899;0.0372825;0.0367971;111.351;100;112.67;111.203;
"knapPI_16_50_1000_80.in";0.107422;0.0964491;0.100401;0.102496;111.377;100;104.097;106.27;
"knapPI_11_20_1000_86.in";0.0414167;0.0412895;0.0411413;0.0384612;107.684;107.354;106.968;100;
"knapPI_12_20_1000_17.in";0.00576685;0.00554173;0.00594048;0.00554421;104.062;100;107.195;100.045;
"knapPI_11_20_1000_96.in";0.0296848;0.0255924;0.026162;0.0272838;115.991;100;102.226;106.609;
"knapPI_11_50_1000_66.in";0.117569;0.110217;0.103767;0.10877;113.302;106.217;100;104.822;
"knapPI_14_100_1000_6.in";0.0339134;0.0296213;0.0301712;0.0289732;117.051;102.237;104.135;100;
"knapPI_16_50_1000_18.in";0.0232941;0.0222266;0.0244917;0.0250979;104.803;100;110.191;112.918;
"knapPI_11_100_1000_5.in";0.0256945;0.0247796;0.0245958;0.0264334;104.467;100.748;100;107.471;
"knapPI_12_20_1000_63.in";0.00581486;0.00528269;0.00557681;0.00531547;110.074;100;105.568;100.62;
"knapPI_11_20_1000_62.in";0.0176624;0.0160837;0.0159194;0.0164419;110.949;101.032;100;103.282;
"knapPI_16_50_1000_2.in";0.00387176;0.00379016;0.00381235;0.00371553;104.205;102.009;102.606;100;
"knapPI_15_50_1000_62.in";0.0946037;0.0859651;0.0840826;0.0840835;112.513;102.239;100;100.001;
"knapPI_15_20_1000_28.in";0.00476584;0.00465975;0.00499842;0.00467601;102.277;100;107.268;100.349;
"knapPI_13_50_1000_70.in";0.15424;0.161724;0.115499;0.102059;151.129;158.462;113.169;100;
"knapPI_12_20_1000_80.in";0.0276936;0.0273167;0.0289128;0.0289061;101.38;100;105.843;105.819;
"knapPI_15_20_1000_16.in";0.00547852;0.0053985;0.00586119;0.00494158;110.866;109.247;118.61;100;
"knapPI_14_20_1000_40.in";0.0117185;0.0113044;0.010839;0.0101665;115.266;111.193;106.616;100;
"knapPI_14_50_1000_76.in";0.152247;0.151656;0.152394;0.152853;100.39;100;100.486;100.789;
"knapPI_11_20_1000_72.in";0.0507931;0.0521937;0.0507139;0.052397;100.156;102.918;100;103.319;
"knapPI_12_20_1000_84.in";0.0175679;0.0172786;0.0196279;0.0172561;101.807;100.13;113.744;100;
"knapPI_12_20_1000_98.in";0.0380622;0.0386587;0.0410001;0.037736;100.864;102.445;108.65;100;
"knapPI_16_50_1000_56.in";0.110909;0.108955;0.112155;0.12001;101.793;100;102.938;110.147;
"knapPI_15_20_1000_90.in";0.0415205;0.0382621;0.0398457;0.0367851;112.873;104.015;108.32;100;
"knapPI_16_50_1000_46.in";0.0825854;0.0742034;0.0668865;0.064211;128.615;115.562;104.167;100;
"knapPI_12_20_1000_43.in";0.0109428;0.0111381;0.0106691;0.0114323;102.565;104.396;100;107.153;
"knapPI_11_50_1000_27.in";0.0634571;0.0565272;0.0530333;0.0532483;119.655;106.588;100;100.405;
"knapPI_13_20_1000_12.in";0.00276197;0.00306501;0.0024729;0.00391729;111.69;123.944;100;158.409;
"knapPI_13_20_1000_96.in";0.0211342;0.0176155;0.0182927;0.0192208;119.975;100;103.845;109.113;
"knapPI_14_50_1000_8.in";0.00869286;0.0080534;0.00805149;0.00755477;115.065;106.6;106.575;100;
"knapPI_12_200_1000_5.in";0.0953855;0.0928846;0.0878739;0.0880557;108.548;105.702;100;100.207;
"knapPI_12_50_1000_88.in";0.0959226;0.0900324;0.0895308;0.0910943;107.139;100.56;100;101.746;
"knapPI_16_100_1000_15.in";0.0898148;0.0800638;0.0806415;0.0807064;112.179;100;100.722;100.803;
"knapPI_14_50_1000_79.in";0.106057;0.0969574;0.0964654;0.0968123;109.943;100.51;100;100.36;
"knapPI_11_50_1000_10.in";0.0165611;0.0159908;0.0155546;0.0153994;107.543;103.84;101.007;100;
"knapPI_13_50_1000_20.in";0.0288825;0.0242955;0.024845;0.023978;120.454;101.324;103.616;100;
"knapPI_14_50_1000_84.in";0.101196;0.0938138;0.0952454;0.0940992;107.869;100;101.526;100.304;
"knapPI_15_50_1000_12.in";0.0178238;0.0153748;0.0153231;0.0168199;116.32;100.338;100;109.768;
"knapPI_16_20_1000_68.in";0.0162349;0.0143998;0.0144427;0.0145136;112.743;100;100.298;100.79;
"knapPI_11_20_1000_58.in";0.00651397;0.00666016;0.00748613;0.00686919;100;102.244;114.924;105.453;
"knapPI_13_50_1000_77.in";0.0660733;0.0617432;0.0694578;0.0700379;107.013;100;112.495;113.434;
"knapPI_15_50_1000_58.in";0.0950637;0.0848653;0.0852534;0.0852127;112.017;100;100.457;100.409;
"knapPI_16_20_1000_16.in";0.00282401;0.00299814;0.00294279;0.00293767;100;106.166;104.206;104.025;
"knapPI_15_50_1000_44.in";0.0654353;0.0566629;0.0585355;0.0564643;115.888;100.352;103.668;100;
"knapPI_12_20_1000_81.in";0.0252238;0.0232443;0.025713;0.0244256;108.516;100;110.62;105.082;
"knapPI_12_50_1000_62.in";0.132135;0.119645;0.117181;0.118184;112.761;102.102;100;100.856;
"knapPI_16_50_1000_15.in";0.0240834;0.0226133;0.0243466;0.0223908;107.559;100.994;108.735;100;
"knapPI_16_50_1000_45.in";0.0583468;0.0555295;0.0547166;0.053395;109.274;103.998;102.475;100;
"knapPI_16_100_1000_17.in";0.0837961;0.0787345;0.0791314;0.079488;106.429;100;100.504;100.957;
"knapPI_11_50_1000_12.in";0.0219348;0.0251541;0.0218451;0.0212894;103.031;118.153;102.61;100;
"knapPI_11_50_1000_8.in";0.0174005;0.0149188;0.0151315;0.0165488;116.635;100;101.426;110.926;
"knapPI_15_50_1000_76.in";0.111902;0.101629;0.104755;0.101622;110.116;100.007;103.083;100;
"knapPI_13_100_1000_20.in";0.113076;0.0886592;0.0873926;0.0871518;129.746;101.73;100.276;100;
"knapPI_12_20_1000_28.in";0.0121376;0.0117997;0.0117426;0.0118354;103.364;100.487;100;100.79;
"knapPI_12_20_1000_58.in";0.0094913;0.00932918;0.00840026;0.00896664;112.988;111.058;100;106.742;
"knapPI_11_20_1000_95.in";0.0204774;0.0196131;0.018934;0.0192738;108.151;103.587;100;101.794;
"knapPI_12_50_1000_37.in";0.0471621;0.0445758;0.0449543;0.0464622;105.802;100;100.849;104.232;
"knapPI_16_50_1000_43.in";0.0619924;0.0575267;0.058467;0.0580387;107.763;100;101.634;100.89;
"knapPI_13_20_1000_94.in";0.0377976;0.0361074;0.035747;0.0357641;105.736;101.008;100;100.048;
"knapPI_11_20_1000_78.in";0.0348549;0.033339;0.0337907;0.0336568;104.547;100;101.355;100.953;
"knapPI_15_50_1000_5.in";0.00492179;0.00451953;0.00439952;0.00429868;114.495;105.138;102.346;100;
"knapPI_13_50_1000_15.in";0.0284193;0.0263194;0.0253279;0.0253952;112.206;103.915;100;100.266;
"knapPI_15_20_1000_63.in";0.0142822;0.0118517;0.0119061;0.0134116;120.508;100;100.459;113.162;
"knapPI_12_20_1000_3.in";0.00196227;0.00199217;0.00201959;0.00189128;103.754;105.334;106.784;100;
"knapPI_13_50_1000_69.in";0.0140841;0.0133197;0.0134108;0.0133242;105.739;100;100.684;100.034;
"knapPI_11_100_1000_3.in";0.012082;0.0117958;0.0112003;0.010916;110.682;108.06;102.605;100;
"knapPI_13_20_1000_17.in";0.00643996;0.00673275;0.00496077;0.00472913;136.177;142.368;104.898;100;
"knapPI_16_20_1000_97.in";0.0196731;0.0199562;0.0180246;0.0198927;109.146;110.717;100;110.364;
"knapPI_13_20_1000_23.in";0.00632747;0.00617497;0.00623325;0.00582624;108.603;105.986;106.986;100;
"knapPI_12_50_1000_87.in";0.0747665;0.0704467;0.071484;0.0668184;111.895;105.43;106.983;100;
"knapPI_12_20_1000_42.in";0.0171752;0.0122491;0.0131323;0.0127756;140.216;100;107.21;104.298;
"knapPI_12_50_1000_93.in";0.131998;0.109535;0.108418;0.107873;122.364;101.541;100.505;100;
"knapPI_14_20_1000_22.in";0.00551538;0.00496282;0.00540865;0.00544161;111.134;100;108.983;109.647;
"knapPI_11_20_1000_68.in";0.00877466;0.00953565;0.00781751;0.009114;112.244;121.978;100;116.584;
"knapPI_15_100_1000_18.in";0.0922441;0.0873677;0.0863246;0.0856123;107.746;102.05;100.832;100;
"knapPI_16_100_1000_10.in";0.054339;0.0501137;0.0514142;0.0502666;108.432;100;102.595;100.305;
"knapPI_14_50_1000_64.in";0.0925941;0.0867919;0.0849415;0.0857313;109.009;102.178;100;100.93;
"courseExample.in";0.000973624;0.000938233;0.000938032;0.000937963;103.802;100.029;100.007;100;
"knapPI_16_20_1000_7.in";0.00127043;0.00121134;0.00146317;0.00127605;104.878;100;120.789;105.342;
"knapPI_12_50_1000_20.in";0.0516591;0.0471155;0.0489703;0.047662;109.644;100;103.937;101.16;
"knapPI_13_50_1000_22.in";0.057685;0.0551824;0.0549873;0.0549802;104.919;100.368;100.013;100;
"knapPI_13_50_1000_54.in";0.109625;0.103187;0.101135;0.100053;109.568;103.133;101.082;100;
"knapPI_12_20_1000_68.in";0.00894357;0.00894694;0.00863972;0.00924325;103.517;103.556;100;106.986;
"knapPI_14_20_1000_67.in";0.0130873;0.0112124;0.0120622;0.0121621;116.722;100;107.579;108.47;
"knapPI_11_50_1000_31.in";0.0152613;0.0137853;0.0132657;0.0132533;115.151;104.014;100.094;100;
"knapPI_16_100_1000_2.in";0.00831359;0.00633531;0.00667365;0.00661907;131.226;100;105.34;104.479;
"knapPI_16_50_1000_75.in";0.109875;0.0991628;0.0991337;0.0998477;110.835;100.029;100;100.72;
"knapPI_11_20_1000_50.in";0.00616554;0.00573734;0.00766544;0.00580107;107.463;100;133.606;101.111;
"knapPI_12_20_1000_45.in";0.0151466;0.016011;0.0155171;0.0146385;103.471;109.376;106.002;100;
"knapPI_15_20_1000_67.in";0.0141537;0.0130263;0.0129247;0.0147728;109.509;100.786;100;114.299;
"knapPI_13_20_1000_15.in";0.00516164;0.00449473;0.00438787;0.00526154;117.634;102.436;100;119.911;
"knapPI_15_20_1000_54.in";0.0195224;0.0175845;0.0176039;0.0180585;111.02;100;100.11;102.696;
"knapPI_15_50_1000_23.in";0.0307916;0.0282496;0.029985;0.0282537;108.999;100;106.143;100.015;
"knapPI_12_50_1000_23.in";0.0461158;0.0438745;0.0434422;0.0410529;112.333;106.873;105.82;100;
"knapPI_12_50_1000_56.in";0.0563388;0.052031;0.0529335;0.0524454;108.279;100;101.735;100.797;
"knapPI_11_50_1000_51.in";0.11804;0.112035;0.111731;0.111605;105.766;100.385;100.113;100;
"knapPI_16_20_1000_81.in";0.0242844;0.0218306;0.0229182;0.0249178;111.24;100;104.982;114.142;
"knapPI_15_50_1000_6.in";0.00700895;0.006844;0.00667915;0.00668622;104.938;102.468;100;100.106;
"knapPI_16_50_1000_19.in";0.022788;0.0228042;0.021505;0.023292;105.966;106.041;100;108.309;
"knapPI_15_20_1000_9.in";0.00264626;0.00254133;0.00241899;0.00242857;109.395;105.058;100;100.396;
"knapPI_3_100_1000_1.in";0.00940028;0.00926374;0.00734382;0.00871297;128.003;126.143;100;118.644;
"knapPI_12_20_1000_7.in";0.00267843;0.0023836;0.00232384;0.00235463;115.259;102.572;100;101.325;
"knapPI_12_20_1000_93.in";0.0196065;0.0180503;0.0180977;0.0179802;109.045;100.39;100.654;100;
"knapPI_13_100_1000_6.in";0.0371155;0.0347285;0.0348329;0.034654;107.103;100.215;100.516;100;
"knapPI_11_20_1000_25.in";0.00545062;0.00502831;0.00524684;0.00518294;108.399;100;104.346;103.075;
"knapPI_11_20_1000_56.in";0.00909405;0.00877122;0.00864627;0.00863467;105.32;101.581;100.134;100;
"knapPI_12_100_1000_19.in";0.101209;0.0980142;0.0975154;0.0954815;105.998;102.652;102.13;100;
"knapPI_11_50_1000_74.in";0.0892348;0.0839952;0.0850575;0.0832337;107.21;100.915;102.191;100;
"knapPI_13_20_1000_30.in";0.00344367;0.00375958;0.00324476;0.00342588;106.13;115.866;100;105.582;
"knapPI_16_20_1000_46.in";0.012293;0.0119782;0.0112441;0.0116187;109.329;106.529;100;103.332;
"knapPI_15_50_1000_78.in";0.0863943;0.0813314;0.0812835;0.0811103;106.515;100.273;100.214;100;
"knapPI_15_50_1000_29.in";0.0340206;0.0329617;0.0332148;0.0332162;103.213;100;100.768;100.772;
"knapPI_14_100_1000_2.in";0.00832802;0.00735511;0.00695456;0.00708723;119.749;105.76;100;101.908;
"knapPI_15_100_1000_2.in";0.00906999;0.0109654;0.00836318;0.0103816;108.451;131.115;100;124.135;
"knapPI_16_50_1000_54.in";0.0840301;0.0800002;0.0786488;0.0799096;106.842;101.718;100;101.603;
"knapPI_15_50_1000_18.in";0.0242953;0.0242593;0.0231118;0.0240127;105.121;104.965;100;103.898;
"knapPI_14_50_1000_66.in";0.091868;0.0809586;0.0856841;0.0801299;114.649;101.034;106.931;100;
"knapPI_12_50_1000_38.in";0.060909;0.0552805;0.0554989;0.0556357;110.182;100;100.395;100.643;
"knapPI_11_50_1000_9.in";0.019515;0.0186855;0.0176743;0.0187366;110.415;105.721;100;106.01;
"knapPI_14_20_1000_99.in";0.0216952;0.0224111;0.0218051;0.0215755;100.555;103.873;101.064;100;
"knapPI_13_20_1000_76.in";0.0114789;0.0106908;0.0101985;0.0102251;112.555;104.827;100;100.261;
"knapPI_11_20_1000_31.in";0.00220172;0.0021558;0.00235294;0.00221578;102.13;100;109.145;102.782;
"knapPI_14_100_1000_16.in";0.0773771;0.0720793;0.0744419;0.0725192;107.35;100;103.278;100.61;
"knapPI_14_20_1000_91.in";0.023851;0.0230197;0.022847;0.0226864;105.134;101.469;100.708;100;
"knapPI_14_20_1000_75.in";0.0179986;0.0150392;0.0158487;0.0153832;119.678;100;105.383;102.288;
"knapPI_11_20_1000_8.in";0.00292192;0.0026969;0.00290046;0.00348942;108.344;100;107.548;129.387;
"knapPI_13_50_1000_4.in";0.00273457;0.00279014;0.0026918;0.00274833;101.589;103.653;100;102.1;
"knapPI_15_100_1000_9.in";0.0392508;0.0368647;0.0381498;0.0371325;106.472;100;103.486;100.726;
"knapPI_12_50_1000_43.in";0.0711666;0.0668264;0.0614779;0.0621525;115.76;108.7;100;101.097;
"knapPI_11_50_1000_29.in";0.0170433;0.0158611;0.0154685;0.0154107;110.594;102.922;100.375;100;
"knapPI_15_50_1000_26.in";0.0384907;0.0381588;0.0346253;0.0367831;111.163;110.205;100;106.232;
"knapPI_15_50_1000_35.in";0.0511135;0.0489589;0.0493414;0.0478481;106.825;102.322;103.121;100;
"knapPI_13_20_1000_50.in";0.0124879;0.0126859;0.0128311;0.0119554;104.454;106.11;107.325;100;
"knapPI_12_50_1000_59.in";0.105222;0.0986333;0.0939454;0.0999939;112.003;104.99;100;106.438;
"knapPI_16_20_1000_52.in";0.012883;0.011814;0.0116055;0.0120941;111.008;101.797;100;104.21;
"knapPI_13_100_1000_24.in";0.0437567;0.0404666;0.0425818;0.0451395;108.13;100;105.227;111.547;
"knapPI_11_100_1000_12.in";0.0784535;0.0738403;0.0743876;0.0812522;106.248;100;100.741;110.038;
"knapPI_16_20_1000_54.in";0.0150699;0.013694;0.0133599;0.0133319;113.037;102.716;100.211;100;
"knapPI_15_50_1000_56.in";0.0799237;0.0771716;0.0754396;0.0744167;107.4;103.702;101.375;100;
"knapPI_12_20_1000_9.in";0.00755202;0.0056453;0.006175;0.00541134;139.559;104.324;114.112;100;
"knapPI_11_20_1000_5.in";0.00233877;0.00173463;0.00193423;0.00215563;134.828;100;111.507;124.27;
"knapPI_13_100_1000_8.in";0.0446389;0.0454753;0.0451741;0.0437858;101.948;103.858;103.171;100;
"knapPI_1_100_1000_1.in";0.0103287;0.00843005;0.00912282;0.00887519;122.523;100;108.218;105.28;
"knapPI_12_20_1000_97.in";0.0271849;0.0237979;0.023959;0.0256199;114.232;100;100.677;107.656;
"knapPI_14_50_1000_2.in";0.00414945;0.00393022;0.00447064;0.00434755;105.578;100;113.75;110.618;
"knapPI_11_20_1000_23.in";0.00659215;0.00493563;0.00569859;0.00489285;134.73;100.874;116.468;100;
"knapPI_13_50_1000_73.in";0.0127227;0.011893;0.0118368;0.0121564;107.484;100.474;100;102.7;
"knapPI_13_20_1000_37.in";0.00951282;0.00944629;0.00915151;0.00939543;103.948;103.221;100;102.665;
"knapPI_13_20_1000_18.in";0.0087324;0.00663858;0.00920815;0.00676758;131.54;100;138.707;101.943;
"knapPI_13_20_1000_57.in";0.0204566;0.0175519;0.0187505;0.0174197;117.434;100.759;107.64;100;
"knapPI_11_20_1000_20.in";0.00832808;0.00804381;0.00800093;0.0082381;104.089;100.536;100;102.964;
"knapPI_15_20_1000_74.in";0.0197291;0.0184341;0.0183421;0.0190484;107.562;100.502;100;103.851;
"knapPI_16_200_1000_4.in";0.0802528;0.0746316;0.0739343;0.0741723;108.546;100.943;100;100.322;
"knapPI_16_50_1000_31.in";0.0427201;0.0408018;0.0432008;0.0419487;104.701;100;105.88;102.811;
"knapPI_15_50_1000_84.in";0.114404;0.107714;0.104802;0.103199;110.858;104.375;101.553;100;
"knapPI_16_50_1000_29.in";0.0331017;0.0314512;0.0314691;0.0318109;105.248;100;100.057;101.144;
"knapPI_16_100_1000_9.in";0.0390111;0.0364678;0.0358024;0.0359697;108.962;101.859;100;100.467;
"knapPI_13_50_1000_84.in";0.110164;0.116535;0.120244;0.118349;100;105.782;109.15;107.429;
"knapPI_12_20_1000_16.in";0.00931017;0.00751133;0.00868967;0.00905567;123.948;100;115.687;120.56;
"knapPI_14_50_1000_7.in";0.0121513;0.0112741;0.00985399;0.0108326;123.314;114.411;100;109.931;
"knapPI_11_50_1000_24.in";0.00408724;0.00408221;0.00372907;0.00392524;109.605;109.47;100;105.261;
"knapPI_13_20_1000_27.in";0.00995787;0.010188;0.00871239;0.00984941;114.295;116.936;100;113.051;
"knapPI_14_50_1000_32.in";0.052674;0.0542717;0.046168;0.0566503;114.092;117.553;100;122.705;
"knapPI_12_50_1000_74.in";0.126867;0.125685;0.126701;0.126116;100.941;100;100.808;100.343;
"knapPI_14_20_1000_4.in";0.00334601;0.00321457;0.00312964;0.00312416;107.101;102.894;100.176;100;
"knapPI_11_20_1000_85.in";0.0463342;0.0490239;0.0510828;0.0460954;100.518;106.353;110.82;100;
"knapPI_13_50_1000_25.in";0.0493647;0.0486811;0.0482016;0.0408818;120.75;119.078;117.905;100;
"knapPI_13_50_1000_33.in";0.0619793;0.0572466;0.0556166;0.0582014;111.44;102.931;100;104.648;
"knapPI_16_20_1000_89.in";0.0250178;0.0236419;0.0241725;0.0246428;105.82;100;102.244;104.234;
"knapPI_13_20_1000_83.in";0.0215078;0.0226047;0.0221999;0.0208536;103.137;108.397;106.456;100;
"knapPI_13_20_1000_66.in";0.032252;0.0319389;0.027504;0.0307915;117.263;116.125;100;111.953;
"knapPI_11_20_1000_87.in";0.00831968;0.00826722;0.00793283;0.0080307;104.877;104.215;100;101.234;
"knapPI_11_20_1000_89.in";0.0110624;0.00966668;0.00949976;0.0105171;116.449;101.757;100;110.709;
"knapPI_11_50_1000_39.in";0.0572456;0.0477188;0.0517813;0.0576689;119.964;100;108.514;120.852;
"knapPI_11_50_1000_17.in";0.036031;0.033687;0.0336791;0.0335052;107.539;100.543;100.519;100;
"knapPI_12_50_1000_66.in";0.106982;0.100585;0.0997377;0.100234;107.264;100.849;100;100.497;
"knapPI_16_20_1000_99.in";0.0366389;0.0215729;0.0219054;0.0213261;171.803;101.157;102.716;100;
"knapPI_14_50_1000_73.in";0.104042;0.0926672;0.0969578;0.0970567;112.275;100;104.63;104.737;
"knapPI_12_20_1000_6.in";0.0027664;0.0024506;0.00318919;0.00401969;112.887;100;130.139;164.028;
"knapPI_14_20_1000_78.in";0.0130411;0.0104859;0.0104303;0.0104816;125.031;100.532;100;100.492;
"knapPI_11_50_1000_30.in";0.0262439;0.0241154;0.0253755;0.0224254;117.027;107.536;113.155;100;
"knapPI_13_20_1000_34.in";0.00584093;0.00567524;0.0057713;0.00553357;105.555;102.56;104.296;100;
"knapPI_16_50_1000_32.in";0.0395603;0.0376008;0.0369484;0.0381537;107.069;101.766;100;103.262;
"knapPI_12_100_1000_31.in";0.0743448;0.0704464;0.0721299;0.0709926;105.534;100;102.39;100.775;
"knapPI_15_20_1000_25.in";0.00589541;0.00589017;0.00707378;0.00549241;107.337;107.242;128.792;100;
"knapPI_14_50_1000_62.in";0.085245;0.0794581;0.0806791;0.0825405;107.283;100;101.537;103.879;
"knapPI_14_20_1000_46.in";0.0119051;0.012395;0.0113346;0.0124408;105.034;109.355;100;109.76;
"knapPI_11_50_1000_42.in";0.0926305;0.0878887;0.0840464;0.0840822;110.214;104.572;100;100.043;
"knapPI_11_20_1000_64.in";0.0273637;0.0251176;0.0247968;0.024299;112.612;103.369;102.048;100;
"knapPI_16_20_1000_65.in";0.0148962;0.0153551;0.0145247;0.015009;102.558;105.718;100;103.335;
"knapPI_15_50_1000_9.in";0.0132207;0.0120785;0.0115728;0.0111699;118.359;108.134;103.606;100;
"knapPI_15_20_1000_89.in";0.0277179;0.025528;0.02517;0.0255157;110.123;101.423;100;101.374;
"knapPI_12_20_1000_13.in";0.00403411;0.00364144;0.00512886;0.00422912;110.783;100;140.847;116.139;
"knapPI_16_50_1000_28.in";0.0307875;0.027912;0.0283588;0.0272061;113.164;102.594;104.237;100;
"knapPI_12_50_1000_16.in";0.0362229;0.0338218;0.0339266;0.0339536;107.099;100;100.31;100.39;
"knapPI_13_20_1000_89.in";0.0286153;0.0290435;0.0287034;0.0275185;103.986;105.542;104.306;100;
"knapPI_11_50_1000_57.in";0.07774;0.0695406;0.0695704;0.0700259;111.791;100;100.043;100.698;
"knapPI_12_20_1000_51.in";0.017472;0.0158429;0.0159219;0.0158181;110.456;100.157;100.656;100;
"knapPI_12_50_1000_60.in";0.0993572;0.0905455;0.0891218;0.0886979;112.017;102.083;100.478;100;
"knapPI_14_20_1000_80.in";0.0151375;0.0139901;0.0140573;0.0151487;108.202;100;100.481;108.282;
"knapPI_14_50_1000_52.in";0.0672852;0.0635664;0.0623136;0.062208;108.162;102.184;100.17;100;
"knapPI_15_20_1000_77.in";0.0169845;0.0167106;0.016345;0.0164729;103.912;102.237;100;100.782;
"knapPI_14_50_1000_25.in";0.0300237;0.0272548;0.0271516;0.027564;110.578;100.38;100;101.519;
"knapPI_11_100_1000_2.in";0.00730611;0.00617401;0.0060368;0.0067495;121.026;102.273;100;111.806;
"knapPI_16_20_1000_56.in";0.011198;0.0124706;0.0106629;0.0126276;105.018;116.953;100;118.426;
"knapPI_16_20_1000_72.in";0.0160764;0.0151671;0.0150265;0.0152687;106.988;100.936;100;101.612;
"knapPI_12_20_1000_35.in";0.00398998;0.00429589;0.00387849;0.00377553;105.68;113.782;102.727;100;
"knapPI_15_20_1000_14.in";0.00369751;0.00379232;0.00361879;0.0036413;102.175;104.795;100;100.622;
"knapPI_11_20_1000_98.in";0.0266342;0.0229966;0.0243667;0.0265768;115.818;100;105.958;115.569;
"knapPI_12_20_1000_75.in";0.0238764;0.0168783;0.0160084;0.0171191;149.149;105.434;100;106.938;
"knapPI_12_20_1000_72.in";0.0307668;0.0294422;0.0297768;0.0287556;106.994;102.388;103.551;100;
"knapPI_11_20_1000_75.in";0.0206941;0.0168871;0.0167053;0.0173429;123.878;101.089;100;103.817;
"knapPI_14_100_1000_13.in";0.0726155;0.0637611;0.0629907;0.0656529;115.28;101.223;100;104.226;
"knapPI_14_50_1000_17.in";0.0260052;0.0233129;0.0229798;0.0217556;119.533;107.158;105.627;100;
"knapPI_14_50_1000_40.in";0.0595926;0.054907;0.0542416;0.0528167;112.829;103.958;102.698;100;
"knapPI_15_20_1000_35.in";0.0082383;0.00802744;0.00820859;0.00791452;104.091;101.427;103.716;100;
"knapPI_11_20_1000_82.in";0.0440629;0.0408893;0.0413509;0.0424212;107.761;100;101.129;103.746;
"knapPI_16_50_1000_34.in";0.047629;0.0420584;0.042466;0.04488;113.245;100;100.969;106.709;
"knapPI_15_50_1000_70.in";0.107194;0.099545;0.0991169;0.101774;108.149;100.432;100;102.681;
"knapPI_12_20_1000_29.in";0.0070424;0.00560408;0.00519395;0.0050775;138.698;110.371;102.293;100;
"knapPI_16_50_1000_51.in";0.0690529;0.0642185;0.0629533;0.0641177;109.689;102.01;100;101.85;
"knapPI_12_20_1000_34.in";0.00988592;0.008323;0.00817529;0.00966348;120.924;101.807;100;118.204;
"knapPI_12_50_1000_33.in";0.0628184;0.0541978;0.0568123;0.0573818;115.906;100;104.824;105.875;
"knapPI_14_20_1000_93.in";0.0178408;0.0183585;0.0183383;0.0182335;100;102.902;102.789;102.201;
"knapPI_12_50_1000_5.in";0.0113652;0.0103027;0.0104127;0.0103535;110.312;100;101.068;100.492;
"knapPI_13_50_1000_10.in";0.0366735;0.0192524;0.0210783;0.0180136;203.588;106.877;117.014;100;
"knapPI_15_50_1000_4.in";0.00488838;0.00475834;0.00483516;0.00545555;102.733;100;101.614;114.652;
"knapPI_16_50_1000_52.in";0.0707386;0.0661067;0.06605;0.0652206;108.461;101.359;101.272;100;
"knapPI_16_20_1000_66.in";0.0169816;0.0174721;0.01706;0.0188707;100;102.888;100.462;111.124;
"knapPI_16_20_1000_77.in";0.0162256;0.0141243;0.0142923;0.016009;114.877;100;101.19;113.343;
"knapPI_13_20_1000_5.in";0.00228599;0.00148529;0.00148282;0.00172879;154.165;100.166;100;116.588;
"knapPI_16_20_1000_45.in";0.0119368;0.0095129;0.0100053;0.0115482;125.48;100;105.176;121.395;
"knapPI_16_20_1000_90.in";0.0233095;0.0216677;0.021793;0.0218078;107.577;100;100.578;100.646;
"knapPI_14_20_1000_51.in";0.00993519;0.00957063;0.00849323;0.00896989;116.978;112.685;100;105.612;
"knapPI_13_50_1000_27.in";0.052178;0.0448318;0.0472585;0.0457857;116.386;100;105.413;102.128;
"knapPI_15_20_1000_13.in";0.00344138;0.00367098;0.0030107;0.0030644;114.305;121.931;100;101.784;
"knapPI_15_20_1000_30.in";0.00678291;0.00609503;0.00687227;0.00670492;111.286;100;112.752;110.006;
"knapPI_11_50_1000_7.in";0.0119194;0.0103372;0.0109617;0.00988314;120.603;104.594;110.913;100;
"knapPI_13_50_1000_12.in";0.0154747;0.0141794;0.0143418;0.0140107;110.449;101.204;102.363;100;
"knapPI_13_200_1000_5.in";0.0667181;0.0592746;0.0584806;0.0573295;116.377;103.393;102.008;100;
"knapPI_11_20_1000_67.in";0.0249692;0.024531;0.0233666;0.0228492;109.278;107.36;102.264;100;
"knapPI_13_50_1000_16.in";0.0285978;0.030179;0.0278297;0.0255971;111.723;117.9;108.722;100;
"knapPI_14_20_1000_64.in";0.017433;0.0159534;0.0157154;0.0146725;118.814;108.729;107.108;100;
"knapPI_16_50_1000_8.in";0.00915727;0.00870437;0.00884883;0.00800268;114.427;108.768;110.573;100;
"knapPI_13_100_1000_3.in";0.0164478;0.0174714;0.0171531;0.0160366;102.565;108.947;106.962;100;
"knapPI_14_20_1000_54.in";0.016725;0.0133671;0.0130093;0.0133738;128.562;102.75;100;102.802;
"knapPI_15_50_1000_40.in";0.0667437;0.0551776;0.0599364;0.0611602;120.962;100;108.624;110.843;
"knapPI_15_20_1000_60.in";0.0132341;0.0129666;0.0133276;0.0135289;102.062;100;102.784;104.336;
"knapPI_11_50_1000_87.in";0.06537;0.0582853;0.0605324;0.0620337;112.155;100;103.855;106.431;
"knapPI_13_50_1000_13.in";0.0297591;0.0322736;0.0280446;0.0273744;108.711;117.897;102.448;100;
"knapPI_16_50_1000_25.in";0.0334475;0.0283274;0.0292938;0.0314884;118.075;100;103.411;111.158;
"knapPI_11_20_1000_52.in";0.0240411;0.022049;0.0222818;0.0222975;109.035;100;101.056;101.127;
"knapPI_16_20_1000_85.in";0.0191993;0.0185274;0.0214548;0.0178362;107.643;103.875;120.288;100;
"knapPI_13_50_1000_59.in";0.107808;0.0984057;0.0979629;0.0985116;110.05;100.452;100;100.56;
"knapPI_14_20_1000_95.in";0.0223549;0.0242082;0.0216903;0.0213447;104.733;113.416;101.619;100;
"knapPI_14_20_1000_15.in";0.00399413;0.00382898;0.00386376;0.00428456;104.313;100;100.908;111.898;
"knapPI_11_20_1000_79.in";0.0147603;0.0158024;0.0139477;0.0150084;105.826;113.297;100;107.605;
"knapPI_14_50_1000_47.in";0.0670734;0.0575351;0.0549364;0.0531395;126.221;108.272;103.381;100;
"knapPI_16_50_1000_62.in";0.0873356;0.0839754;0.083484;0.0809136;107.937;103.784;103.177;100;
"knapPI_13_20_1000_20.in";0.00390737;0.00382244;0.00397314;0.00369337;105.794;103.494;107.575;100;
"knapPI_14_20_1000_18.in";0.00446795;0.00318163;0.00289861;0.00351045;154.141;109.764;100;121.108;
"knapPI_13_20_1000_70.in";0.0100157;0.00881186;0.00945458;0.0106038;113.661;100;107.294;120.336;
"knapPI_16_100_1000_7.in";0.037748;0.0342379;0.0311848;0.0341952;121.046;109.79;100;109.654;
"knapPI_11_100_1000_10.in";0.0670329;0.0584343;0.0597516;0.0601346;114.715;100;102.254;102.91;
"knapPI_15_20_1000_24.in";0.00737502;0.00646389;0.00595599;0.00669039;123.825;108.528;100;112.331;
"knapPI_12_20_1000_10.in";0.00396163;0.00398178;0.00249809;0.00238003;166.453;167.3;104.96;100;
"f3_l-d_kp_4_20.in";0.000325209;0.000319057;0.000318753;0.000318635;102.063;100.132;100.037;100;
"knapPI_16_50_1000_10.in";0.0118478;0.0117722;0.0116156;0.0105627;112.166;111.45;109.968;100;
"knapPI_14_50_1000_39.in";0.0539714;0.0499428;0.0511855;0.0581204;108.066;100;102.488;116.374;
"knapPI_14_100_1000_7.in";0.0341697;0.0343365;0.0323543;0.0323913;105.611;106.127;100;100.114;
"knapPI_16_200_1000_3.in";0.0556166;0.0485258;0.0488856;0.0540541;114.613;100;100.742;111.393;
"knapPI_15_50_1000_38.in";0.0516533;0.0463881;0.04617;0.047354;111.876;100.472;100;102.564;
"knapPI_15_100_1000_8.in";0.0412588;0.0383925;0.0390587;0.038613;107.466;100;101.735;100.574;
"knapPI_11_50_1000_18.in";0.0430844;0.0427999;0.0396146;0.0412878;108.759;108.041;100;104.224;
"knapPI_13_100_1000_69.in";0.056055;0.0544764;0.0522135;0.0511175;109.659;106.571;102.144;100;
"knapPI_12_50_1000_53.in";0.0766186;0.0684692;0.0673866;0.0653483;117.246;104.776;103.119;100;
"knapPI_14_50_1000_48.in";0.0735913;0.0681374;0.0644617;0.06255;117.652;108.933;103.056;100;
"knapPI_15_50_1000_57.in";0.0892697;0.0850033;0.0838882;0.0844254;106.415;101.329;100;100.64;
"knapPI_16_20_1000_14.in";0.00281548;0.00272623;0.00265511;0.00270455;106.04;102.679;100;101.862;
"knapPI_13_20_1000_54.in";0.018752;0.0180783;0.0182471;0.017617;106.442;102.618;103.577;100;
"knapPI_16_20_1000_30.in";0.0149987;0.0123435;0.00655854;0.00621383;241.375;198.646;105.548;100;
"knapPI_15_200_1000_2.in";0.0438554;0.0358383;0.0352386;0.0364174;124.453;101.702;100;103.345;
"knapPI_11_20_1000_4.in";0.00270739;0.00247898;0.00240341;0.00242471;112.648;103.145;100;100.886;
"knapPI_15_20_1000_75.in";0.0167264;0.016153;0.0159755;0.0159932;104.7;101.111;100;100.111;
"knapPI_12_20_1000_44.in";0.0129927;0.0113818;0.0113993;0.011552;114.153;100;100.154;101.495;
"knapPI_12_20_1000_18.in";0.00676051;0.00616212;0.00728103;0.00641091;109.711;100;118.158;104.037;
"knapPI_12_50_1000_9.in";0.0150567;0.0141535;0.0140936;0.0143171;106.833;100.425;100;101.586;
"knapPI_16_50_1000_5.in";0.00404564;0.00364215;0.00352969;0.00422218;114.617;103.186;100;119.619;
"knapPI_16_20_1000_29.in";0.00397315;0.00390404;0.00381774;0.00365372;108.743;106.851;104.489;100;
"knapPI_15_20_1000_82.in";0.0200479;0.0190203;0.0189891;0.0190551;105.576;100.164;100;100.347;
"knapPI_15_100_1000_6.in";0.0300814;0.0284386;0.0282363;0.0281688;106.79;100.958;100.239;100;
"knapPI_13_20_1000_48.in";0.00657949;0.00612308;0.00671566;0.006181;107.454;100;109.678;100.946;
"knapPI_14_50_1000_74.in";0.111658;0.101551;0.0991504;0.0990795;112.695;102.495;100.072;100;
"knapPI_12_20_1000_57.in";0.0137423;0.0120746;0.0134436;0.0136329;113.811;100;111.338;112.905;
"knapPI_11_20_1000_27.in";0.00786087;0.007019;0.00778288;0.00689507;114.007;101.797;112.876;100;
"knapPI_15_50_1000_7.in";0.0123653;0.00831549;0.00847857;0.00827144;149.493;100.533;102.504;100;
"knapPI_13_100_1000_10.in";0.06124;0.0573403;0.0605514;0.0609238;106.801;100;105.6;106.249;
"knapPI_15_100_1000_4.in";0.0207632;0.0204127;0.0188516;0.0187906;110.498;108.632;100.325;100;
"knapPI_13_50_1000_63.in";0.0818574;0.0717536;0.0709853;0.072132;115.316;101.082;100;101.615;
"knapPI_14_20_1000_47.in";0.00881487;0.00781029;0.00906309;0.00834281;112.862;100;116.04;106.818;
"knapPI_11_20_1000_65.in";0.0275981;0.02518;0.0256449;0.0250472;110.185;100.53;102.386;100;
"knapPI_15_20_1000_48.in";0.019061;0.0206486;0.0195335;0.0191288;100;108.329;102.479;100.356;
"knapPI_14_20_1000_14.in";0.00235366;0.00226576;0.00210059;0.00227312;112.047;107.863;100;108.213;
"knapPI_15_200_1000_4.in";0.0888961;0.079877;0.0762568;0.0766026;116.575;104.747;100;100.453;
"knapPI_15_50_1000_14.in";0.0207164;0.0196864;0.0202062;0.0184557;112.249;106.668;109.485;100;
"knapPI_14_20_1000_84.in";0.0146329;0.0170765;0.0140499;0.0141446;104.149;121.542;100;100.674;
"knapPI_11_50_1000_47.in";0.101824;0.0922539;0.0895666;0.0902334;113.685;103;100;100.744;
"knapPI_11_50_1000_93.in";0.121317;0.115893;0.115028;0.114078;106.345;101.591;100.832;100;
"knapPI_16_20_1000_94.in";0.0272875;0.0258219;0.0251973;0.0251782;108.378;102.557;100.076;100;
"knapPI_16_50_1000_73.in";0.109413;0.0951557;0.0946773;0.0942475;116.091;100.964;100.456;100;
"knapPI_16_50_1000_14.in";0.0195041;0.018603;0.0184062;0.0173622;112.336;107.146;106.013;100;
"knapPI_13_20_1000_46.in";0.0127634;0.012206;0.0122536;0.0124778;104.567;100;100.39;102.227;
"knapPI_14_50_1000_22.in";0.0301586;0.0280741;0.0277749;0.0285401;108.582;101.077;100;102.755;
"knapPI_13_20_1000_39.in";0.00929766;0.00906835;0.00894336;0.00902769;103.962;101.398;100;100.943;
"knapPI_14_50_1000_58.in";0.0839601;0.0865586;0.0827855;0.0793609;105.795;109.07;104.315;100;
"knapPI_15_20_1000_98.in";0.028185;0.0276415;0.0274411;0.027106;103.981;101.976;101.236;100;
"knapPI_13_20_1000_49.in";0.00737427;0.00840164;0.00783474;0.00691211;106.686;121.549;113.348;100;
"knapPI_11_20_1000_45.in";0.0222268;0.0199948;0.0211476;0.0208389;111.163;100;105.766;104.221;
"knapPI_16_20_1000_64.in";0.0154037;0.0147563;0.0138978;0.0139185;110.835;106.177;100;100.148;
"knapPI_16_50_1000_78.in";0.0829565;0.0760284;0.0759438;0.0755316;109.83;100.658;100.546;100;
"knapPI_14_20_1000_92.in";0.0237013;0.0224384;0.0221195;0.0211282;112.179;106.201;104.692;100;
"knapPI_16_100_1000_6.in";0.0349721;0.0290245;0.026622;0.0276371;131.365;109.024;100;103.813;
"knapPI_11_50_1000_25.in";0.0362378;0.0338013;0.0316708;0.0319808;114.42;106.727;100;100.979;
"knapPI_14_50_1000_43.in";0.0661982;0.0568745;0.0631113;0.0576611;116.393;100;110.966;101.383;
"knapPI_11_20_1000_13.in";0.00435115;0.0055097;0.00690269;0.00406013;107.168;135.702;170.011;100;
"knapPI_16_50_1000_30.in";0.0468437;0.0397791;0.0370181;0.037698;126.543;107.458;100;101.837;
"knapPI_11_50_1000_32.in";0.0313822;0.0296093;0.0297313;0.0293092;107.073;101.024;101.44;100;
"knapPI_15_20_1000_52.in";0.0144169;0.0139214;0.0142892;0.0128813;111.921;108.075;110.93;100;
"knapPI_16_20_1000_9.in";0.00237397;0.00148791;0.00145108;0.0020099;163.599;102.538;100;138.511;
"knapPI_13_20_1000_82.in";0.0213577;0.0199549;0.0181327;0.0195206;117.785;110.049;100;107.654;
"knapPI_14_20_1000_89.in";0.0410106;0.0238428;0.023745;0.023232;176.526;102.629;102.208;100;
"knapPI_16_50_1000_23.in";0.0300294;0.0322135;0.0293556;0.0284054;105.717;113.406;103.345;100;
"knapPI_15_20_1000_34.in";0.0084494;0.00878352;0.00916953;0.00812764;103.959;108.07;112.819;100;
"knapPI_14_50_1000_78.in";0.0865108;0.0773232;0.0755926;0.0773687;114.443;102.289;100;102.35;
"knapPI_13_50_1000_6.in";0.00901889;0.010197;0.00837953;0.0106016;107.63;121.689;100;126.517;
"knapPI_14_50_1000_41.in";0.0548894;0.0492037;0.0527457;0.0494437;111.556;100;107.199;100.488;
"knapPI_11_20_1000_39.in";0.00837364;0.00781111;0.00796372;0.00774892;108.062;100.803;102.772;100;
"knapPI_15_50_1000_69.in";0.0944689;0.0904002;0.0899496;0.0901908;105.024;100.501;100;100.268;
"knapPI_13_50_1000_8.in";0.0106375;0.0107951;0.0102138;0.0108778;104.148;105.691;100;106.501;
"knapPI_13_20_1000_8.in";0.00303763;0.00322982;0.00258648;0.00230309;131.894;140.239;112.305;100;
"knapPI_12_20_1000_73.in";0.0265398;0.0220466;0.0213516;0.021263;124.817;103.685;100.417;100;
"knapPI_14_50_1000_69.in";0.0886537;0.0826594;0.0843132;0.0861411;107.252;100;102.001;104.212;
"knapPI_16_50_1000_27.in";0.0413152;0.038508;0.0364884;0.036895;113.229;105.535;100;101.115;
"knapPI_16_50_1000_16.in";0.02201;0.0209476;0.0210925;0.0208428;105.6;100.503;101.198;100;
"knapPI_15_20_1000_73.in";0.018445;0.0183793;0.0173125;0.0164475;112.145;111.746;105.259;100;
"knapPI_14_20_1000_81.in";0.0223871;0.0219364;0.023719;0.0209546;106.837;104.686;113.192;100;
"knapPI_15_100_1000_13.in";0.0742363;0.0688501;0.0670831;0.0676907;110.663;102.634;100;100.906;
"knapPI_13_100_1000_4.in";0.0113736;0.0109236;0.0123425;0.0122854;104.119;100;112.989;112.466;
"knapPI_16_50_1000_61.in";0.0709808;0.0663892;0.0646251;0.0681208;109.835;102.73;100;105.409;
"knapPI_15_20_1000_92.in";0.0273187;0.024594;0.0247991;0.0234762;116.368;104.761;105.635;100;
"knapPI_15_200_1000_3.in";0.0620493;0.0597604;0.0581426;0.0547737;113.283;109.104;106.151;100;
"knapPI_16_20_1000_36.in";0.0145075;0.00931045;0.00802965;0.00679678;213.447;136.983;118.139;100;
"knapPI_11_20_1000_55.in";0.0124969;0.0122126;0.0108035;0.0121147;115.674;113.043;100;112.137;
"knapPI_14_50_1000_51.in";0.0636327;0.0587041;0.0594744;0.0604669;108.396;100;101.312;103.003;
"knapPI_13_20_1000_14.in";0.00417252;0.00379925;0.0036954;0.00420429;112.911;102.81;100;113.771;
"knapPI_12_50_1000_51.in";0.11398;0.10818;0.106883;0.104637;108.928;103.386;102.147;100;
"knapPI_16_20_1000_79.in";0.0179346;0.0162116;0.0163212;0.0165908;110.628;100;100.676;102.339;
"knapPI_15_20_1000_6.in";0.00189222;0.00196935;0.0020377;0.00172474;109.71;114.182;118.146;100;
"knapPI_16_20_1000_27.in";0.00532139;0.00533481;0.00513527;0.00475089;112.008;112.291;108.091;100;
"knapPI_15_50_1000_2.in";0.00412803;0.00411298;0.00453368;0.00393426;104.925;104.543;115.236;100;
"knapPI_11_50_1000_13.in";0.0306103;0.0320021;0.0342633;0.0341429;100;104.547;111.934;111.541;
"knapPI_14_50_1000_80.in";0.100683;0.0964081;0.0916992;0.0909161;110.742;106.041;100.861;100;
"knapPI_16_50_1000_77.in";0.0982431;0.0924398;0.0911564;0.091966;107.774;101.408;100;100.888;
"knapPI_13_100_1000_68.in";0.100641;0.0862426;0.084063;0.0845081;119.721;102.593;100;100.53;
"knapPI_14_20_1000_96.in";0.0199025;0.0193806;0.0194638;0.0187662;106.055;103.274;103.717;100;
"knapPI_11_20_1000_35.in";0.00287665;0.00268839;0.00265013;0.00384151;108.547;101.444;100;144.955;
